Age,Gender,BloodPressure,Cholesterol,HeartRate,HeartDisease
68,Hombre   ,105.00,191,107,1
58,Mujer,97.00,249,89,0
44,Mujer,93.00,190,82,1
72,Hombre   ,93.00,183,101,1
37,Mujer,145.00,166,103,1
50,Hombre   ,114.00,271,73,0
68,Hombre   ,156.00,225,73,1
48,Mujer,156.00,236,61,0
52,Mujer,116.00,266,114,0
40,Hombre   ,121.00,255,96,0
40,Hombre   ,139.00,235,64,0
53,ombre,150.00,176,97,0
65,Mujer,140.00,206,104,1
69,Hombre   ,108.00,180,100,1
53,Hombre   ,110.00,283,113,0
32,Hombre   ,94.00,247,119,0
51,Mujer,171.00,161,106,1
31,Hombre   ,131.00,202,73,1
53,Hombre   ,150.00,287,115,0
73,Mujer,111.00,294,98,0
59,Hombre   ,110.00,271,84,1
67,Hombre   ,159.00,195,79,1
31,Mujer,90.00,213,61,1
50,Hombre   ,94.00,279,98,0
62,Mujer,101.00,203,65,0
41,Mujer,179.00,256,76,0
51,Hombre   ,135.00,200,118,0
73,Hombre   ,123.00,185,84,1
54,Hombre   ,138.00,264,116,0
78,Hombre   ,167.00,175,87,1
56,Mujer,179.00,178,61,1
71,Hombre   ,134.00,298,94,1
57,Mujer,116.00,160,96,1
45,Hombre   ,162.00,189,64,0
44,Hombre   ,115.00,160,60,1
76,Hombre   ,136.00,262,99,0
73,Mujer,175.00,188,71,1
32,Hombre   ,145.00,203,115,1
66,Hombre   ,152.00,247,95,1
36,Hombre   ,137.00,204,104,1
50,Hombre   ,150.00,260,82,0
38,Mujer,170.00,299,106,0
68,Hombre   ,115.00,218,90,1
47,Mujer,125.00,205,70,1
33,Mujer,90.00,182,69,1
54,Mujer,"97,00",185,62,1
43,Mujer,"141,00",297,113,0
79,Mujer,"168,00",230,73,1
38,Mujer,"136,00",258,75,0
55,Hombre   ,"145,00",222,69,0
31,Mujer,"175,00",189,88,1
49,Mujer,"103,00",166,69,1
57,Mujer,"179,00",278,71,1
76,Hombre   ,"117,00",210,89,1
36,Hombre   ,"176,00",253,100,0
73,Mujer,"167,00",191,60,1
37,Hombre   ,"177,00",174,64,1
76,Mujer,"91,00",188,79,1
64,Mujer,"115,00",184,67,1
43,Hombre   ,"103,00",280,102,1
46,Mujer,"148,00",257,71,0
65,Hombre   ,"145,00",251,60,1
79,Hombre   ,"96,00",247,116,1
69,Mujer,"92,00",161,113,1
33,Mujer,"112,00",168,79,1
31,Hombre   ,"107,00",250,87,0
35,Mujer,"127,00",193,116,1
71,Mujer,"104,00",198,102,1
33,Mujer,"153,00",166,96,1
58,Hombre   ,"178,00",223,106,0
47,Hombre   ,"117,00",206,96,1
55,Mujer,"163,00",204,71,1
73,Hombre   ,"128,00",196,96,1
63,Hombre   ,"146,00",161,108,1
39,Hombre   ,"106,00",211,108,0
65,Hombre   ,175.00,229,115,1
43,Hombre   ,179.00,232,103,1
60,Mujer,133.00,157,115,1
77,Mujer,114.00,298,87,0
44,Mujer,106.00,230,106,0
37,Hombre   ,102.00,267,74,1
43,Hombre   ,173.00,174,65,1
52,Mujer,114.00,238,103,0
69,Hombre   ,157.00,161,118,1
50,Mujer,99.00,292,79,0
45,Mujer,156.00,208,109,0
74,Mujer,107.00,258,73,1
47,Hombre   ,175.00,175,61,1
76,Hombre   ,123.00,196,68,1
53,Mujer,97.00,181,96,1
55,Mujer,129.00,159,79,1
54,Mujer,172.00,165,85,1
74,Mujer,131.00,294,88,0
70,Hombre   ,130.00,175,60,1
58,Hombre   ,95.00,235,114,0
44,mujer,141.00,284,94,0
74,mujer,115.00,163,65,1
30,Hombre   ,153.00,228,96,1
54,Hombre   ,148.00,266,112,1
36,mujer,145.00,156,118,0
38,MUjer,148.00,286,64,0
53,MUjer,159.00,264,92,0
30,Hombre   ,122.00,221,108,1
73,Hombre   ,142.00,208,110,1
37,Hombre   ,111.00,231,73,1
53,MUjer,110.00,265,71,1
40,Mujer,159.00,295,101,0
46,Hombre   ,159.00,252,79,0
37,Hombre   ,93.00,166,112,1
64,Mujer,164.00,163,109,1
64,Hombre   ,151.00,257,83,0
62,Hombre   ,151.00,194,118,0
34,Mujer,113.00,247,102,0
71,Hombre   ,144.00,280,93,1
68,MUJER,98.00,186,84,1
70,MUJER,92.00,257,109,0
57,MUJER,120.00,188,88,0
36,MUJER,129.00,164,116,1
38,MUJER,125.00,269,98,0
37,MUJER,113.00,153,90,1
41,MUJER,95.00,242,115,0
63,Hombre   ,155.00,290,106,0
62,Mujer{,173.00,165,102,1
77,Mujer{,164.00,257,109,0
52,Hombre   ,93.00,275,82,1
53,Hombre   ,168.00,204,103,0
66,Hombre   ,95.00,183,97,1
64,Mujer{,140.00,162,79,0
73,Hombre   ,151.00,290,82,1
69,Mujer{,146.00,167,104,1
51,Mujer{,155.00,245,111,0
56,Mujer,168.00,272,75,0
64,Mujer,164.00,188,109,0
30,Hombre},97.00,195,101,1
64,Hombre},115.00,178,119,1
66,Mujer,140.00,211,114,1
76,Mujer,134.00,165,67,1
43,Mujer,133.00,270,109,0
32,Hombre},94.00,159,80,1
30,Mujer,159.00,252,60,1
34,Mujer,115.00,233,114,1
55,Hombre},157.00,282,67,0
43,Hombre},108.00,214,88,0
68,Mujer,173.00,152,91,1
56,Hombre},109.00,291,97,0
38,Hombre},101.00,269,64,0
44,Mujer,136.00,217,106,0
44,Hombre},90.00,295,81,1
55,Mujer,179.00,186,106,1
71,Hombre   ,"103,00",222,93,1
42,Mujer,"153,00",292,60,0
61,Mujer,"127,00",198,114,1
68,Mujer,"126,00",270,114,1
78,Hombre   ,"100,00",237,85,1
61,Mujer,"166,00",289,102,0
33,Hombre},"92,00",186,69,0
59,Mujer,"122,00",210,89,0
66,Mujer,"95,00",273,109,0
52,Hombre},"139,00",188,77,0
68,Mujer,"99,00",212,76,1
74,Mujer,"94,00",195,85,1
44,Hombre},"112,00",237,67,0
72,Mujer,"99,00",160,106,1
58,Mujer,"133,00",211,99,0
65,Mujer,"91,00",226,108,1
42,Mujer,"102,00",201,71,1
61,Hombre},"129,00",153,86,1
36,Hombre},"91,00",208,67,1
51,Mujer,"173,00",221,84,0
57,Hombre},"154,00",297,105,0
31,Mujer,"152,00",242,63,1
71,Hombre},"162,00",212,92,1
74,Mujer,"106,00",203,60,1
35,Mujer,"98,00",266,78,0
57,Mujer,"164,00",259,90,0
57,Mujer,"104,00",223,75,1
73,Mujer,"113,00",256,73,1
73,Mujer,"127,00",206,112,1
49,Hombre},"124,00",152,107,0
59,Mujer,"138,00",269,64,0
40,Hombre},"158,00",155,100,1
57,Mujer,"151,00",154,85,1
54,Hombre},"149,00",154,87,1
68,Hombre,"139,00",203,61,1
62,Hombre,"167,00",196,109,0
30,Mujer,"164,00",158,65,1
56,Mujer,"98,00",248,68,0
42,Hombre,"123,00",169,92,1
70,Mujer,"165,00",271,100,1
32,Hombre,"124,00",210,84,1
68,Mujer,"90,00",272,107,1
35,Hombre,"129,00",231,72,1
37,Hombre,"153,00",211,68,0
56,Mujer,"111,00",294,112,0
38,Hombre,"149,00",152,72,1
66,mujer,"153,00",162,90,1
62,Hombre,"161,00",269,100,1
71,Hombre,"100,00",274,70,1
73,mujer,103.00,238,63,1
53,mujer,149.00,222,93,0
44,mujer,119.00,217,97,0
61,Hombre,124.00,291,105,0
61,mujer,174.00,250,63,1
53,Hombre,126.00,247,97,0
70,Hombre,94.00,160,78,1
78,mujer,172.00,254,65,1
78,mujer,167.00,216,93,1
41,Hombre,115.00,272,77,0
68,Hombre,151.00,178,72,1
31,mujer,93.00,286,100,1
32,mujer,178.00,225,82,1
78,mujer,131.00,158,78,1
66,mujer,178.00,189,104,1
78,mujer,107.00,174,70,1
46,Hombre,129.00,154,60,1
78,Hombre,161.00,288,83,1
31,Hombre,128.00,273,113,1
31,Hombre,103.00,187,66,1
57,mujer,121.00,221,84,1
52,mujer,140.00,282,80,0
66,mujer,127.00,239,74,1
61,Hombre,112.00,295,60,1
62,Hombre,152.00,186,71,1
30,mujer,104.00,209,117,1
48,mujer,114.00,177,66,0
31,Hombre,106.00,230,74,1
73,Hombre,155.00,263,80,1
55,mujer,167.00,189,78,0
61,mujer,142.00,194,119,0
35,Hombre,140.00,211,88,0
61,mujer,128.00,242,84,1
33,mujer,140.00,264,92,1
40,mujer,159.00,216,108,0
46,Hombre,95.00,205,91,1
67,Hombre,156.00,189,108,0
53,Hombre,96.00,247,94,1
34,Hombre,140.00,189,103,1
63,Hombre,161.00,240,97,1
35,Hombre,131.00,182,85,0
51,Hombre,153.00,155,70,1
40,mujer,104.00,296,94,0
77,mujer,118.00,229,67,1
45,mujer,122.00,241,105,0
62,mujer,116.00,246,73,1
38,mujer,125.00,208,69,0
35,mujer,118.00,208,61,1
45,mujer,127.00,197,105,0
58,Hombre,146.00,162,68,0
32,Hombre,116.00,256,62,1
49,mujer,144.00,194,80,1
65,mujer,122.00,238,85,1
48,Hombre,157.00,249,67,0
55,mujer,175.00,156,107,1
32,mujer,155.00,282,61,1
48,Hombre,99.00,194,65,1
49,mujer,94.00,207,87,0
61,Hombre,163.00,180,112,1
36,mujer,127.00,172,88,1
70,Hombre,102.00,287,85,0
62,Hombre,120.00,256,84,0
69,Hombre,136.00,188,71,1
68,mujer,177.00,231,64,1
47,Hombre,141.00,249,93,0
69,mujer,145.00,151,107,1
30,mujer,104.00,226,96,1
40,mujer,118.00,161,74,1
57,mujer,97.00,188,103,1
54,Hombre,94.00,162,95,1
79,Hombre,118.00,195,74,1
52,Mujer,136.00,262,102,0
60,Mujer,157.00,166,107,1
59,Hombre,165.00,253,82,1
71,Mujer,134.00,247,65,1
64,Hombre,91.00,237,105,1
36,Mujer,116.00,258,109,0
45,Mujer,125.00,219,103,0
55,Hombre,125.00,223,118,0
77,Mujer,115.00,212,102,1
78,Hombre,132.00,209,104,1
31,Mujer,116.00,228,80,1
30,Mujer,158.00,186,82,1
77,Mujer,109.00,171,102,1
41,Hombre,100.00,297,114,0
34,Mujer,163.00,245,75,0
66,Mujer,127.00,217,106,1
61,Mujer,95.00,166,112,1
38,Mujer,161.00,161,119,1
70,Hombre,112.00,299,74,0
64,Hombre,136.00,294,84,0
48,Mujer,179.00,287,95,0
77,Hombre,135.00,267,70,1
45,Mujer,101.00,171,110,1
32,Mujer,179.00,269,74,0
49,Mujer,102.00,199,63,1
53,Hombre,151.00,163,80,1
62,Hombre,171.00,178,72,1
53,Hombre,178.00,274,81,0
40,Hombre,149.00,156,78,0
78,Hombre,132.00,178,93,1
37,Hombre,165.00,288,73,0
65,Hombre,157.00,182,63,1
67,Hombre,94.00,283,107,0
69,Hombre,126.00,260,112,1
49,Mujer,161.00,228,111,0
64,Hombre,120.00,207,105,1
77,Hombre,"98,00",175,86,1
54,Hombre,"140,00",178,88,0
64,Hombre,"118,00",153,106,1
54,Hombre,"167,00",248,87,0
58,Hombre,"129,00",290,94,0
47,Hombre,"130,00",188,67,0
75,Hombre,"175,00",164,75,1
47,Hombre,"100,00",268,101,0
31,Hombre,"112,00",178,95,1
64,Hombre,"90,00",224,89,0
45,Mujer,"135,00",265,77,0
70,Mujer,"110,00",181,61,1
65,Hombre,"179,00",279,108,0
62,Hombre,"125,00",233,72,1
33,Mujer,"143,00",171,63,1
62,Hombre,"176,00",176,85,1
43,Mujer,"146,00",230,84,0
50,Mujer,"90,00",275,89,0
77,Mujer,"152,00",241,70,1
49,Mujer,"143,00",170,66,1
37,Mujer,"144,00",196,90,1
36,Hombre,"129,00",250,103,1
32,Mujer,"104,00",233,69,0
46,Hombre,"110,00",155,98,1
62,Hombre,"136,00",296,72,1
77,Mujer,"162,00",280,90,1
41,Mujer,"142,00",150,66,0
51,Hombre,"98,00",207,115,1
51,Mujer,"163,00",273,108,0
75,Mujer,141.00,164,101,1
59,Hombre,146.00,213,101,0
67,Hombre,115.00,174,115,1
67,Mujer,130.00,173,95,1
74,Hombre,124.00,161,79,1
37,Mujer,152.00,167,63,1
56,Mujer,114.00,164,113,1
56,Mujer,179.00,176,66,0
63,Hombre,164.00,221,113,0
50,Hombre,127.00,209,60,1
59,Hombre,91.00,294,103,1
62,Hombre,96.00,242,115,1
57,Hombre,171.00,202,104,0
76,Mujer,123.00,157,101,1
62,Mujer,106.00,228,106,1
34,Mujer,132.00,176,118,0
77,Mujer,148.00,199,72,1
48,Hombre,140.00,280,114,0
33,Mujer,143.00,242,81,1
64,Hombre,113.00,173,113,1
78,Mujer,114.00,209,80,1
46,Hombre,160.00,271,81,0
73,Hombre,141.00,280,87,1
57,Mujer,159.00,297,68,0
59,Mujer,177.00,195,85,1
58,Mujer,122.00,164,68,1
75,Mujer,138.00,166,74,1
35,Hombre,118.00,275,69,0
64,Mujer,152.00,233,83,1
70,Mujer,111.00,158,117,1
66,Hombre,115.00,212,116,1
53,Mujer,117.00,266,101,0
58,Mujer,174.00,279,67,0
78,Mujer,138.00,237,83,1
75,Mujer,160.00,221,75,1
60,Mujer,170.00,288,108,0
64,Hombre,173.00,213,85,1
62,Mujer,138.00,221,86,1
50,Mujer,109.00,170,96,1
61,Mujer,175.00,167,63,1
52,Mujer,152.00,213,109,0
62,Mujer,150.00,231,83,0
32,Hombre,138.00,259,78,0
47,Mujer,160.00,244,95,0
54,Hombre,90.00,181,119,0
71,Hombre,102.00,160,98,1
60,Mujer,176.00,194,69,0
32,Mujer,140.00,182,84,1
69,Mujer,145.00,251,77,0
75,Mujer,172.00,285,78,0
53,Hombre,151.00,160,95,0
79,Mujer,121.00,237,69,1
61,Mujer,119.00,190,92,1
76,Mujer,118.00,294,114,1
51,Mujer,138.00,225,109,0
52,Mujer,134.00,270,64,0
31,Mujer,119.00,195,106,1
56,Hombre,105.00,229,108,0
71,Hombre,129.00,203,94,1
31,Mujer,108.00,235,103,1
55,Mujer,107.00,241,93,1
46,Mujer,90.00,297,92,0
69,Hombre,167.00,246,114,1
62,Mujer,136.00,151,80,1
38,Hombre,155.00,182,76,0
72,Mujer,127.00,226,81,1
77,Mujer,140.00,265,107,1
68,Mujer,152.00,299,96,0
58,Mujer,93.00,252,74,0
71,Hombre,90.00,252,94,1
55,Hombre,97.00,239,87,1
64,Mujer,118.00,271,66,0
79,Mujer,144.00,292,91,1
54,Hombre,92.00,255,70,1
53,Hombre,121.00,268,69,0
42,Hombre,99.00,198,68,0
36,Hombre,163.00,253,73,0
65,Mujer,172.00,210,72,1
74,Hombre,123.00,272,116,1
49,Mujer,176.00,283,84,0
30,Hombre,144.00,158,61,1
37,Hombre,121.00,155,94,1
75,Hombre,139.00,222,66,1
45,Hombre,96.00,252,80,1
43,Hombre,97.00,190,77,1
41,Mujer,154.00,263,62,0
52,Mujer,146.00,157,101,1
44,Hombre,156.00,221,113,1
57,Hombre,177.00,241,98,0
63,Mujer,176.00,211,100,1
31,Hombre,148.00,233,108,0
61,Hombre,161.00,211,70,1
52,Mujer,143.00,260,98,0
51,Hombre,156.00,276,83,0
54,Hombre,140.00,156,119,0
51,Mujer,97.00,233,105,1
51,Mujer,123.00,281,78,0
78,Mujer,124.00,283,63,1
71,Hombre,177.00,207,85,1
35,Mujer,167.00,171,97,1
44,Mujer,121.00,276,101,0
72,Mujer,135.00,152,91,1
66,Mujer,105.00,276,98,0
62,Mujer,157.00,190,104,1
37,Mujer,126.00,255,105,0
73,Hombre,143.00,163,95,1
73,Hombre,174.00,161,99,1
34,Mujer,"103,00",236,96,1
68,Mujer,"144,00",161,92,1
33,Mujer,"137,00",290,95,0
35,Hombre,"171,00",174,62,1
74,Hombre,"96,00",194,68,1
61,Hombre,"163,00",271,67,0
59,Hombre,"96,00",296,92,0
76,Hombre,"122,00",204,118,1
64,Hombre,"112,00",249,65,0
69,Hombre,"174,00",285,100,1
45,Hombre,"108,00",268,98,0
42,Hombre,"108,00",202,63,1
79,Mujer,"125,00",181,72,1
71,Mujer,"118,00",200,108,1
59,Mujer,"149,00",193,119,0
48,Mujer,"171,00",231,61,0
46,Hombre,"91,00",295,119,0
48,Hombre,"90,00",299,64,1
57,Mujer,136.00,186,103,1
55,Hombre,158.00,245,86,0
66,Mujer,109.00,205,91,1
55,Hombre,100.00,254,80,1
52,Mujer,91.00,208,67,0
38,Hombre,156.00,280,97,0
41,Hombre,176.00,184,67,0
30,Mujer,101.00,242,109,0
30,Hombre,109.00,246,62,1
76,Mujer,94.00,284,113,1
63,Mujer,126.00,225,103,1
61,Mujer,127.00,198,117,1
77,Mujer,98.00,243,62,1
54,Hombre,142.00,173,81,1
69,Hombre,133.00,297,65,0
74,Hombre,175.00,186,61,1
30,Mujer,113.00,153,82,1
45,Hombre,170.00,257,103,0
68,Mujer,163.00,275,61,1
34,Hombre,119.00,169,97,0
51,Hombre,148.00,199,76,0
58,Hombre,176.00,245,94,0
32,Mujer,170.00,254,93,0
41,Hombre,170.00,266,82,0
55,Hombre,103.00,247,89,0
45,Mujer,98.00,215,111,1
66,Hombre,129.00,228,67,1
51,Mujer,155.00,155,81,1
58,Hombre,114.00,188,103,1
43,Mujer,162.00,264,117,0
57,Mujer,111.00,274,95,0
34,Hombre,93.00,161,64,1
76,Mujer,115.00,280,72,1
78,Mujer,147.00,167,88,1
59,Mujer,118.00,189,90,1
75,Mujer,176.00,170,106,1
34,Mujer,126.00,292,116,0
41,Mujer,164.00,248,114,0
45,Hombre,159.00,175,75,0
55,Mujer,107.00,157,101,1
55,Mujer,174.00,249,89,0
